fitness,p_health,e_health,time
33.89224472101786,48,60.0,1000
33.89224472101786,48,60.0,1000
33.89224472101786,48,60.0,1000
94.02326625757942,90,0.0,145
51.89224472101786,48,40.0,1000
