fitness,p_health,e_health,time
30.083797937392564,0,60.0,371
94.02326625757942,90,0.0,145
94.02326625757942,90,0.0,145
30.083797937392564,0,60.0,371
94.02326625757942,90,0.0,145
