fitness,p_health,e_health,time
49.16371809304852,0,40.0,126
48.956574883080755,0,40.0,155
48.956574883080755,0,40.0,155
31.38487948315874,0,60.0,101
94.02326625757942,90,0.0,145
