fitness,p_health,e_health,time
31.002787726235887,0,60.0,148
48.752975927839515,0,40.0,190
31.002787726235887,0,60.0,148
31.002787726235887,0,60.0,148
48.752975927839515,0,40.0,190
