fitness,p_health,e_health,time
91.65591220889686,73.36000000000021,0.0,335.0
