fitness,p_health,e_health,time
91.9695439179105,77.3200000000002,0.0,340.2
