fitness,p_health,e_health,time
92.10384383349894,77.68000000000022,0.0,303.4
