fitness,p_health,e_health,time
92.91450237834029,86.32000000000012,0.0,304.2
