fitness,p_health,e_health,time
88.80497830679874,64.88000000000014,2.0,364.2
