fitness,p_health,e_health,time
86.74115630992651,26.320000000000256,0.0,362.4
