fitness,p_health,e_health,time
85.07676059295541,47.160000000000124,4.0,424.2
