fitness,p_health,e_health,time
72.77547645622246,31.120000000000083,16.0,379.6
