fitness,p_health,e_health,time
91.7447186213237,75.28000000000023,0.0,325.8
