fitness,p_health,e_health,time
89.18383713875815,50.080000000000254,0.0,342.2
