fitness,p_health,e_health,time
91.67313013790954,73.72000000000023,0.0,311.4
