fitness,p_health,e_health,time
92.6323348913738,82.00000000000016,0.0,271.8
