fitness,p_health,e_health,time
93.15059128464813,85.96000000000012,0.0,243.0
