fitness,p_health,e_health,time
91.90232592138935,74.2000000000002,0.0,297.0
