fitness,p_health,e_health,time
93.13997405208332,86.20000000000013,0.0,252.0
