fitness,p_health,e_health,time
92.92587677590811,86.20000000000013,0.0,307.0
