fitness,p_health,e_health,time
93.2157454773966,85.96000000000012,0.0,231.4
