fitness,p_health,e_health,time
93.53059902569728,90.6400000000001,0.0,260.4
