fitness,p_health,e_health,time
91.36445229872554,71.44000000000023,0.0,355.6
