fitness,p_health,e_health,time
92.50757736184583,80.68000000000018,0.0,274.8
