fitness,p_health,e_health,time
82.8411420314265,44.48000000000014,6.0,600.6
