fitness,p_health,e_health,time
93.45139502840618,87.88000000000011,0.0,216.2
