generation,max_fitness,mean_fitness,stdev_fitness
0,21.330119077019482,-2.22204541601242,7.663207537491608
1,66.15356122494228,-0.20641988995607335,12.43020384640826
