generation,max_fitness,mean_fitness,stdev_fitness
0,21.701682633451963,-3.1497726360831804,6.264282859440453
1,38.95262782095372,-2.0690833343683197,8.081727275461535
