generation,max_fitness,mean_fitness,stdev_fitness
0,57.316420232661315,1.7660301331279051,15.997417246890455
1,88.72188534076949,2.7851053477223955,16.830518980621846
