generation,max_fitness,mean_fitness,stdev_fitness
0,57.601837298482245,0.7850143119739591,14.810169268466387
1,57.73214184093667,0.16285100041408845,12.673362865038685
