generation,max_fitness,mean_fitness,stdev_fitness
0,21.32324619773172,-1.9724670347913158,7.191711803682846
1,56.88190280195865,-0.323816329390483,11.865936742005696
