generation,max_fitness,mean_fitness,stdev_fitness
0,57.752975927839515,1.1929618053255102,15.40453578409127
1,57.752975927839515,0.6191892914551986,12.889187917263591
