generation,max_fitness,mean_fitness,stdev_fitness
0,12.801502968734173,-3.111694746671053,4.899004020017804
1,57.601837298482245,0.5000239632756961,14.473884576515065
