generation,max_fitness,mean_fitness,stdev_fitness
0,57.72700044143625,3.1857908812768096,15.21450432641512
1,66.72700044143625,3.1347443751790123,15.35756748070112
