generation,max_fitness,mean_fitness,stdev_fitness
0,20.664945748501943,-1.4587334087152635,7.734967527521605
1,57.22544845445559,-0.6680355369423074,10.329258771453585
