fitness,p_health,e_health,time
62.91422990450722,59.200000000000145,30.0,536.2
