fitness,p_health,e_health,time
93.14439449374905,87.76000000000012,0.0,286.2
