fitness,p_health,e_health,time
82.85904678310396,60.64000000000025,8.0,495.4
