fitness,p_health,e_health,time
92.19071544117872,79.24000000000017,0.0,326.8
