fitness,p_health,e_health,time
92.18911061934546,79.24000000000015,0.0,372.0
