fitness,p_health,e_health,time
91.71640405050005,72.52000000000025,0.0,260.4
