max,mean,std_dev
90.51240366476762,7.07306579256148,21.88995001860859
91.37611947915373,8.991753466170698,26.232353740675464
92.56521039683075,7.732599154222329,24.334987056110005
