max,mean,std_dev
90.13193985886487,7.047359459831747,21.946074633119668
91.46728120673463,7.459741722871213,23.57176080823404
92.29061166337202,7.439172605891184,23.554839177201455
