max,mean,std_dev
90.17237888630936,8.560452333054043,23.590591010286673
87.6825471035353,7.725398539086305,22.890332227388342
90.17237888630936,7.912636909416478,24.206892929840894
