max,mean,std_dev
92.8769900208616,11.720988439166156,25.831352049178765
93.08188000615579,12.699273423851077,26.90748918885943
92.13703951986405,12.731260018862688,26.983305347672744
