max,mean,std_dev
87.99605369405454,7.250832844680758,22.012269944840845
92.34250462797222,7.498054101409465,21.700912744938613
87.71859563501553,6.975262377642873,21.226021201552623
