max,mean,std_dev
88.42951600496184,8.108216500794935,22.761398070590268
91.85873645484158,8.230227485435275,23.64541560350499
91.85873645484158,8.137547007568838,23.5138300813676
