max,mean,std_dev
86.31520306650934,9.70899586142409,25.614873232935896
89.33740496697304,8.487533994760566,23.073410914211365
91.84317193830047,8.666584877560199,24.108198518724855
