max,mean,std_dev
92.49405452609942,12.17111625628524,26.112741969053403
91.72188534076949,12.865689965777984,27.463062241658317
92.53214184093667,12.11237410417975,26.57138671391092
