max,mean,std_dev
91.50669517527551,7.940151821267421,23.436759955952073
91.16627799644576,6.182996742222535,21.593845563878087
90.37504998251859,6.70403435515967,22.78560426765152
