max,mean,std_dev
91.4316554962389,9.00559265161322,23.986482260097564
92.45482255552044,10.183892420886492,24.74279007001476
92.45482255552044,9.974985382043702,25.168597924387974
