max,mean,std_dev
90.88657125383503,7.493759569974315,23.561712771557602
92.92700044143626,7.870236895654967,21.9665745339679
92.47853908213776,7.742699445293323,22.161204453871967
