max,mean,std_dev
90.18506424239102,12.521491486218544,27.542299647257625
91.03931836898447,9.742783018992837,25.072494481269228
90.50669517527551,9.87822986952942,24.141485117579858
