max,mean,std_dev
91.77237888630937,10.993119258042508,26.030429196045834
91.77237888630937,8.029447407164536,22.70928345587003
91.77237888630937,8.790233970440749,23.26600212588418
