max,mean,std_dev
92.57598249381266,9.797702286404913,25.844597948759816
92.16878821817863,7.98680692372762,24.570314729519975
92.63931836898448,7.533286429110708,24.001489637260367
