max,mean,std_dev
90.32482618476618,8.573441875633252,25.550011297910476
92.53703951986405,9.718310646491254,26.160210124476407
92.53011907701948,9.720654775682675,25.585542618463766
