max,mean,std_dev
91.04317193830046,6.224646551990894,22.73513362739926
91.04317193830046,6.443405058344312,22.017092830349625
90.96164533066624,7.339480692250793,22.103981946623424
