max,mean,std_dev
88.13214184093668,8.279807626301443,23.432955981915647
88.13214184093668,8.784618596537085,24.215669367321603
88.54250462797222,8.679560027210298,23.603057662670885
