max,mean,std_dev
88.97959913428285,9.404242690467228,25.080710605077567
89.48801221164345,9.934027808395701,24.198938664098716
88.49736666659864,10.380340083248907,25.18924178927938
