max,mean,std_dev
86.2825471035353,9.177752781488522,24.069377420875377
87.9361681949744,7.075718839649287,22.63680059022636
88.85873645484158,7.8995810486898765,24.334713847517136
