max,mean,std_dev
91.76164533066625,7.655171920884576,23.466313082998997
91.76164533066625,8.458962134381116,25.11199983350939
91.76164533066625,7.7518258766124175,24.550298161664376
