max,mean,std_dev
66.14206684551654,7.9642068461094775,20.51927193166835
91.85873645484158,9.576400832768186,23.930478127283944
89.09288973525112,9.71820712527756,23.32487657766161
