max,mean,std_dev
91.93703951986404,11.40307766075447,27.14264503364029
91.57237888630937,10.77517629023166,25.36788924155298
92.64317193830047,10.932701196713278,25.469802992719934
