max,mean,std_dev
91.57237888630937,11.850057056650208,26.960152468031417
93.14041448585584,11.002333563467925,26.93104297710625
93.14041448585584,11.930623306471173,27.62287021911977
