max,mean,std_dev
92.9750499825186,10.674245240953006,24.367906059047588
92.45873645484157,9.598452201552856,24.761232262600206
92.69466846406765,11.140676320915091,27.41690710516113
