max,mean,std_dev
85.7750499825186,7.640070778440181,22.847791310484524
90.16889138314542,8.466332892920372,23.237360248722858
89.79605369405454,8.592984265793365,25.604365161851398
