max,mean,std_dev
87.77237888630937,4.072083670065322,20.575946570306275
91.84317193830047,6.143491396753529,23.92588530751148
91.77598249381266,6.521636779332909,24.277016029584658
