max,mean,std_dev
89.56304739758636,11.050262215695659,25.93469124539628
92.28657125383502,10.783057415165588,25.404857789312235
92.45092391510478,11.065222080494664,24.960818364212628
