max,mean,std_dev
91.56878821817864,10.544622218816336,28.28756818449555
91.76878821817864,9.10246682834731,26.580998300535963
92.63547959267731,8.846829804029314,25.2387754293724
