max,mean,std_dev
92.36164533066625,6.914988371982758,22.09877371686357
91.45873645484157,8.817323478653229,25.47654396006034
91.84814186652393,8.000144022196546,24.54525100738526
