max,mean,std_dev
91.57237888630937,10.5445441879295,28.91038993677499
92.25482255552043,9.40189437650256,26.004880357102405
91.57237888630937,8.6716584918177,25.345436646296793
