max,mean,std_dev
92.56878821817864,5.637794772767315,20.364144202729268
92.56878821817864,6.46629197393709,21.384867505952517
92.56878821817864,5.842529237185102,20.489716248510618
