max,mean,std_dev
91.56521039683075,7.644495392116363,20.692885292794788
90.83547959267732,7.875041908800267,21.23573816627889
91.56521039683075,7.860742263862488,21.207590836350597
