max,mean,std_dev
90.96878821817863,5.849811159264824,21.493576396680595
90.96878821817863,7.173368194143351,22.091502828812242
92.57237888630937,8.78423816000371,24.604043054389177
