max,mean,std_dev
85.74206684551653,10.970794507443852,24.31643215628955
91.93357331188756,10.902496537998013,23.526458787595498
91.85873645484158,11.244231416947391,23.65754375283183
