max,mean,std_dev
91.57237888630937,12.508021841181426,29.210678376447117
91.84317193830047,11.885021246215409,28.024203214425476
91.85873645484158,10.823933076279435,25.75711812174338
