max,mean,std_dev
92.04317193830046,11.050884929807955,27.057487203872576
92.64341372532799,10.156510597461935,25.918623384619966
92.37237888630936,10.694275060666268,25.956191683318515
