max,mean,std_dev
91.66728120673463,8.713023287217771,24.985217720011867
93.7001335721758,8.54486198128365,25.49215334202586
92.73193985886488,7.930677643472576,25.241388925711703
