max,mean,std_dev
90.17504998251859,9.12541090189817,24.450947933984832
92.52188534076949,10.181508079318208,25.63295571159801
91.87454706086822,9.798047434134164,25.754138465356817
