max,mean,std_dev
91.76521039683075,8.933272971806026,25.602415445453953
93.57964417492167,9.199404881746974,26.606840452422123
91.57237888630937,7.985642375239247,24.091040079692448
