max,mean,std_dev
89.33109579777977,7.671587394450592,24.9645956390617
92.25289246928253,8.811671893148716,25.763658743263242
92.25289246928253,8.581898345203337,25.889222938629995
