max,mean,std_dev
90.52482618476617,11.134714952683025,24.12257957485304
91.84317193830047,10.640081783380067,23.61169229475132
90.52482618476617,9.851991232593534,22.532273150698284
