max,mean,std_dev
92.45833644349733,10.931085575016077,26.848337200260207
92.45833644349733,10.226674828231495,25.968607754205088
92.09466846406764,9.942246668709737,25.734325826929048
