max,mean,std_dev
91.32482618476618,13.049394129867268,26.62423293114193
91.93357331188756,13.591333860566692,28.081654747059293
92.9361681949744,13.17451070949047,26.648509140985638
