max,mean,std_dev
93.95657488308075,7.457938246771265,24.068656465707686
93.95657488308075,8.160443874321055,24.94248977346188
93.96304739758637,7.434802589901469,24.150333686130274
