max,mean,std_dev
90.45873645484157,9.333474825663913,22.844124749554084
91.84317193830047,9.654164773091685,23.66270548343069
91.84317193830047,10.169373024558316,24.051443445412872
