max,mean,std_dev
89.53740496697303,7.035769341469449,22.927779631199915
91.85092391510479,9.009589804273702,25.217713791598335
92.01261419415926,9.748965653216839,25.412762263241053
