max,mean,std_dev
92.5361681949744,9.865541126655708,24.47004108392086
92.5361681949744,9.12700819662846,24.805694556638517
92.9446788846423,9.323762034687592,24.72203191584226
