max,mean,std_dev
93.01261419415926,9.241784545826587,26.09846361237018
93.32772932632852,9.428253311868223,24.935626367869485
92.7750499825186,9.685497283933246,25.97255745280414
