max,mean,std_dev
91.57237888630937,10.659385800458743,25.820792480618252
91.84317193830047,10.54298368145471,26.674905598985475
92.13703951986405,11.399085121924813,27.281882894463493
