max,mean,std_dev
91.85873645484158,10.051542121807348,25.450078298272697
91.84317193830047,10.515538483571664,26.079332047888087
91.9266767328285,10.38393485026906,26.21071285735011
