max,mean,std_dev
89.99605369405454,8.306305282384951,25.664987847625405
91.73357331188757,7.953296925731852,24.423974137756886
91.84317193830047,8.45995138718968,25.48544037904604
