max,mean,std_dev
92.63931836898448,10.784236755003002,24.36100060000332
92.63931836898448,7.382036092726506,21.289423042469156
87.61821644970792,6.849115379815753,18.70939994774971
