max,mean,std_dev
90.73357331188757,11.096281388074255,26.912848023446863
91.84317193830047,10.796752979787923,26.56007186035144
92.93214184093668,10.254037418712091,26.020604109114142
