max,mean,std_dev
92.06728120673463,8.017904540550028,22.011724902048247
90.51859563501553,6.946681476537016,21.604663146993897
92.57237888630937,7.104285736718802,22.633592489895406
