max,mean,std_dev
92.09405452609943,7.563164311646822,23.907653806010558
92.32188534076948,7.979129437121401,22.97972171365346
92.09405452609943,8.3511684447868,23.79689186461486
