max,mean,std_dev
92.53703951986405,8.813987430667135,25.122168963318437
92.57237888630937,9.346817708461636,25.617181925429115
92.53703951986405,9.553171440217954,24.687529646237767
