max,mean,std_dev
91.83521402607649,12.208969975123695,29.462050103586563
92.29874178945526,12.04292470094239,27.93136321251259
92.76627799644577,13.602731962834843,30.253405146417368
