max,mean,std_dev
89.31550058692483,9.6091102419618,27.04421978261998
92.03931836898447,7.564715508424687,24.949523333186697
90.68200618758324,7.054574953823521,23.430655213491423
