max,mean,std_dev
88.93109579777976,6.9325355680103975,22.600196947358686
89.52482618476617,7.741939889424271,23.20610157743063
89.36304739758637,6.8232892994038625,21.76606449062691
