max,mean,std_dev
89.33109579777977,12.959486543845756,25.560479077581846
92.15809292906188,12.932186049201349,25.872255278108913
92.54250462797222,13.033209561556603,27.008035497663002
