max,mean,std_dev
89.91859563501554,7.314343040642318,22.701531813002056
91.84317193830047,7.207627211798026,22.96612532452186
91.85873645484158,9.223455648662748,24.80897141458257
