max,mean,std_dev
92.17237888630936,12.424281401341458,26.243073858253346
92.17237888630936,11.976244609654668,26.352635569192802
92.17237888630936,11.160345707360682,25.75177951805752
