max,mean,std_dev
90.16355803717006,10.94593570424871,23.97743316507402
93.3575822894782,14.514798763731909,29.472889671513354
92.57598249381266,12.838905681588384,28.006906492035043
