max,mean,std_dev
90.13616819497439,10.160613033214183,24.816808840736094
92.1001335721758,11.430272179545103,27.5757477751916
93.27212383121041,11.810445324290418,27.656244252952717
