max,mean,std_dev
92.77611947915372,9.778105144279085,27.17864890886869
93.4727463148428,9.700834547308482,27.83191344790497
92.77611947915372,9.973820753696973,27.238004456623926
