max,mean,std_dev
92.63931836898448,9.408125605379539,22.983455802406233
92.64704041507838,8.117588039925565,23.184422996491307
92.64704041507838,8.03163384451364,22.413863824045176
