max,mean,std_dev
88.19605369405454,8.934485349884891,23.432607275505003
93.47010128507692,9.139291281977407,23.33339318131731
90.32482618476618,9.137752390425268,23.770572031071158
