max,mean,std_dev
91.57237888630937,6.590082892857687,21.644989523654193
91.84317193830047,8.794528104441577,24.89332428497648
91.57237888630937,8.746570312704291,24.805176201376952
