max,mean,std_dev
92.69466846406765,8.804363067173213,25.23101362455139
92.57598249381266,9.016464858445351,25.17051981965881
92.69466846406765,9.04854629700696,25.297610607954425
