max,mean,std_dev
91.76164533066625,9.370737624358297,25.782432905202374
92.47454706086822,8.86462904882551,25.072200043180235
92.63547959267731,9.001018297970528,25.273591602219792
