max,mean,std_dev
67.04417294239875,7.468393222124157,21.503881418098878
67.04417294239875,4.902994430153188,18.75376372803398
75.3266767328285,5.055887885587198,20.029560366526265
