max,mean,std_dev
92.65873645484157,12.865991891803706,29.090140468495107
92.65873645484157,13.874228997895957,28.536360174716993
92.65873645484157,13.559306398113927,28.735923971855335
