max,mean,std_dev
90.98586946817493,7.50592427286777,24.647308553391987
92.93357331188756,8.457438434026892,25.549355533928228
89.87212383121042,8.274347587450473,24.432586263196715
