max,mean,std_dev
90.13214184093668,8.998145625920149,24.205732451933194
92.03931836898447,8.184128610132342,24.519123627780058
92.03931836898447,7.987641801029293,24.5107824561734
