max,mean,std_dev
91.93357331188756,17.809164460450408,32.03058940586557
91.84317193830047,13.564048490767458,28.724191523641224
91.57237888630937,14.086122844466153,29.07590346205023
