max,mean,std_dev
89.59605369405453,11.585293356024033,25.21083547921171
90.85873645484158,10.132645445753923,23.890038746854852
90.21821644970792,9.985224586663026,23.985455788067597
