max,mean,std_dev
91.87274631484279,10.398887898959826,26.73827901039157
92.63931836898448,10.555457790022114,27.024922341070532
93.32772932632852,10.852855731735962,27.437177394050902
