max,mean,std_dev
90.94772657195337,12.565855899526966,28.05909807615665
92.70624979919323,12.530632289838923,27.950271389147222
92.56355803717005,11.338775834770576,26.582918190739417
