max,mean,std_dev
90.14375419465169,9.77258503318597,26.0834164613168
90.52482618476617,9.477538810890332,24.691650798061755
94.05250552318655,9.304469056230726,24.774354627367362
