max,mean,std_dev
88.93193985886488,8.781089599431986,23.312877719252107
92.23931836898447,7.4997069603080515,23.051919274812185
89.5335319430667,8.586593541380541,23.353841676415517
