max,mean,std_dev
86.32700044143624,6.623773803376989,19.010480321207247
90.38506424239101,8.091402449079908,22.433898341317906
92.64317193830047,7.969031483613515,21.45331940167087
