max,mean,std_dev
88.63931836898448,9.674131168933549,24.747381058823375
92.13357331188756,11.239282829457293,27.484566754626144
92.04317193830046,11.824894993500914,27.721807764497637
