max,mean,std_dev
92.93214184093668,10.130517940690993,24.889491436089582
92.93214184093668,10.388877901918491,26.348566106283652
92.05873645484156,11.463948870248842,28.206718330876633
