max,mean,std_dev
92.34041448585583,16.663695181200502,32.002531446659304
92.68657125383503,16.745921607133155,31.368530860284913
92.68657125383503,16.383173780303018,30.37507087333422
