max,mean,std_dev
92.51859563501553,11.637472384697253,24.456917063969716
92.51859563501553,11.572716776213287,24.37585704851436
91.77237888630937,11.734188312251206,23.490747511152446
