max,mean,std_dev
88.29191706183107,9.575908074489142,23.693301483065873
91.33703951986405,8.69766002486502,23.022750446750912
88.81003982910273,8.12922469613758,23.174542660699817
