max,mean,std_dev
92.53011907701948,6.918533347831319,22.765170212217868
92.36164533066625,8.438838866465717,25.44933552137339
92.56355803717005,9.355763142180793,25.592422563461763
