max,mean,std_dev
92.04317193830046,10.541016045065303,26.281086645605484
92.49061166337202,9.588246900349196,26.274420260719225
93.0769900208616,8.709665790360331,25.16835299261196
