max,mean,std_dev
91.84317193830047,9.877693673593592,24.346579946694284
92.74250462797222,9.606806114448885,25.229716214027633
92.24317193830046,9.882364736925895,25.28432640959338
