max,mean,std_dev
92.13703951986405,10.28616806932211,25.804958100600963
91.85092391510479,11.15471257652355,26.993788609039363
91.56521039683075,9.91857885292987,24.473275048493434
