max,mean,std_dev
92.57237888630937,9.250403708112229,25.078046276927015
92.57237888630937,7.39439153871166,23.238777950047208
89.79605369405454,7.4130291382610105,22.03862839831733
