max,mean,std_dev
91.29061166337202,8.660567479634489,24.262220773586453
91.25873645484157,9.740727818028589,23.590094086735224
91.94751081973135,9.877217024739965,24.294885337696467
