max,mean,std_dev
92.53357331188757,8.96064554255797,26.804000814724944
92.57959913428286,8.97317130148494,26.296350262692833
92.52772932632853,9.8049355480949,26.346345689556287
