max,mean,std_dev
92.65873645484157,12.176555366473076,27.931779444554785
92.87212383121042,13.199166202876688,28.037432507960013
92.65873645484157,12.622604442695238,28.49683139853095
