max,mean,std_dev
92.47699002086159,8.7663212462463,24.89283426479825
92.57598249381266,9.207377476213608,25.52479546221959
92.57598249381266,9.584010508112348,26.814895979564394
