max,mean,std_dev
91.57237888630937,7.174204921771085,23.591697610694247
91.57237888630937,7.287533198057962,23.46188863223612
91.59051384715858,6.370458874095339,22.517637939940094
