max,mean,std_dev
91.56878821817864,5.585382208907021,24.211826594303602
91.33740496697304,5.477591457830633,22.44635791136927
91.56878821817864,6.943265549803475,25.13043385633001
