max,mean,std_dev
91.63931836898448,10.187658016401922,27.55482098652918
91.85873645484158,10.403301461172973,27.081778929547554
92.25482255552043,10.338175960385684,27.273364574658295
