max,mean,std_dev
90.32482618476618,8.811254681039994,24.947870149188006
91.94250462797223,9.75009809182486,26.182075070204093
91.94250462797223,9.375080706594101,26.72210903371824
