max,mean,std_dev
92.51859563501553,11.71085429727322,24.470609311836917
92.51859563501553,9.493656848597118,24.9478240706816
91.73109579777977,8.078744630163646,22.703707589726577
