max,mean,std_dev
91.50693855665945,8.644643971300615,23.418964621813156
91.57237888630937,8.320630051487138,22.816815373867982
92.13011907701947,8.655129864652922,24.360172413389186
