max,mean,std_dev
91.60956741322126,10.902590488369844,24.811334889065808
92.37964417492167,11.24647639498541,26.435264239277565
91.60956741322126,10.6343997704149,25.91555487651256
