max,mean,std_dev
86.47853908213776,7.449406012489517,21.036720529000515
91.89874178945527,7.666036295468912,21.44865687927642
89.33703951986405,8.64946635907372,22.565424828775747
