max,mean,std_dev
85.03931836898447,5.265790004457,18.98289049351418
88.41639337829167,4.746983160842888,18.693845885196325
88.33740496697304,5.693060496454564,19.694344951578696
