max,mean,std_dev
92.57237888630937,10.288095900526725,27.252185109411126
92.56878821817864,12.732048340065468,29.54543597814079
93.33616819497439,13.271339994150962,29.977686705630557
