max,mean,std_dev
90.58936470590373,9.058254841932172,24.89490784748623
90.65482255552044,8.01587164240401,23.101382892883816
90.5001335721758,6.53441471020287,21.314712045313325
