max,mean,std_dev
92.24704041507837,9.564586556823846,23.805927950937562
92.05092391510478,12.327365544709073,26.443692139163364
91.57959913428286,11.9163173087245,26.858891910495874
