max,mean,std_dev
92.6769900208616,7.794188866258159,21.89197285765597
91.64317193830047,7.1378138426759055,20.25927154692866
92.36164533066625,7.444056117342712,22.68825354946848
