max,mean,std_dev
90.85873645484158,11.35234276920118,24.138517696051206
90.32482618476618,10.754098468000505,24.59361065342585
91.67010128507692,11.053127624934204,24.20283089667519
