max,mean,std_dev
92.17237888630936,9.968102616135395,28.225773086355396
91.68801221164345,8.245622922082163,25.1237868396508
92.17237888630936,8.22795030107519,25.37448493489054
