max,mean,std_dev
91.76521039683075,10.083864047987989,24.117437451689064
92.1001335721758,10.328639456198937,24.643234864396703
91.65289246928253,10.313862775793055,24.370061689323013
