max,mean,std_dev
92.04317193830046,12.384171887509737,29.144155401191448
93.14467888464229,10.200424786934903,26.515435942699938
91.76878821817864,10.036197825322903,27.60566404054259
