max,mean,std_dev
91.73703951986406,9.223222354955874,25.736246420045518
92.14250462797223,10.34506389009438,27.254689305135436
92.37065437104556,10.71113075741116,27.12913027516607
