max,mean,std_dev
92.12772932632852,6.444051395448862,23.82413365726403
91.93357331188756,7.559174919670625,23.713851307392655
92.5361681949744,7.433099659460204,23.63118597654368
