max,mean,std_dev
90.44417294239875,9.741242842361912,23.52258798097135
90.7959933129232,9.612914445888869,23.749322535531476
92.53703951986405,9.832066337382832,24.83263890970085
