max,mean,std_dev
88.41261419415923,7.224282144329909,21.423444819150085
89.72482618476617,7.900848200036414,22.80325453422946
92.86728120673463,8.0036896101369,22.839512334791895
