max,mean,std_dev
90.36304739758637,11.133677408664191,24.095230451682564
91.96521039683074,11.209205142669889,24.955330923840524
90.38389959779558,10.13504705314452,24.681569392456804
