max,mean,std_dev
90.90669517527552,9.564045662355053,23.602554933763525
90.90669517527552,9.0923148250661,24.381108354961892
91.66728120673463,9.155812781207521,24.666935844524318
