max,mean,std_dev
91.73109579777977,12.411662220837082,27.899851139728398
93.05766574803519,12.052551229253694,28.226905799609675
91.73109579777977,12.569405217390944,27.686356068587106
