max,mean,std_dev
90.32482618476618,11.995418605267073,27.02493398137173
90.32482618476618,9.330354562545365,23.28297058890397
92.56878821817864,9.695170364694452,23.791136618763332
