max,mean,std_dev
89.79605369405454,6.410454597179191,22.674948503588638
92.29874178945526,5.9260820638848655,21.607992108106416
92.29874178945526,5.079204738101847,19.835884954798484
