max,mean,std_dev
88.53740496697303,11.903966328204305,26.24932345780233
92.06246192029869,11.026796770776365,26.390543516834125
91.91679627126202,10.357071668426704,26.774888221333907
