max,mean,std_dev
91.83931836898448,7.541898979436455,23.580279129822195
90.36355803717005,6.700176579442207,22.640681016787727
89.44417294239875,5.843952467627198,21.671456968621765
