max,mean,std_dev
92.57598249381266,9.883129430286765,25.175511940946905
92.57598249381266,9.842085999278044,24.594363535544193
92.57598249381266,11.205376329416902,26.155625375736186
