max,mean,std_dev
88.28626719449063,4.9313112024872785,20.32940040864169
92.33011907701948,8.021682337266789,25.197188402284578
92.49874178945527,8.108927792344288,25.0839711039362
