max,mean,std_dev
92.316796271262,10.016685299230774,29.179566342808247
91.56304739758636,9.383886727891523,27.07254667237672
92.76956207860756,9.80978855965447,28.598375841660605
