max,mean,std_dev
90.92772932632853,11.852721320062699,24.50414738068932
93.3794650007277,11.943362888939289,26.186913336560092
92.74041448585584,10.593386198801065,25.44919356739328
