max,mean,std_dev
91.56521039683075,16.28513319518975,30.291283212254367
92.65873645484157,13.290445562002468,27.614371070849604
89.51859563501553,13.323903029055952,27.51551466498345
