max,mean,std_dev
92.52353644806848,10.440380229151096,24.470294681288195
92.53357331188757,11.311780766822665,24.58803144822644
91.89061166337203,11.068538096215827,25.083904165390443
