max,mean,std_dev
86.59741210781067,10.225923464630583,24.976254941886967
92.05873645484156,9.601327807406545,25.616610207778976
92.64317193830047,10.334707453988097,26.072703369384282
