max,mean,std_dev
90.74250462797222,11.488776394715778,27.22657615661456
92.56878821817864,11.6709378183133,25.638821216745637
92.67454706086822,12.340332091900695,26.436016056632642
