max,mean,std_dev
86.93740496697303,12.897516354467303,26.450767573533792
89.23931836898447,10.3855734567399,24.691593150528742
89.23931836898447,10.336714239148328,24.260758154089107
