max,mean,std_dev
87.95657488308075,10.13518796922396,23.249778305521136
90.80394224923462,9.384963070740742,23.394978099036575
88.72482618476617,9.246119430153108,23.32503730674509
