max,mean,std_dev
86.25289246928253,10.170822467078327,25.957411351499815
93.34041448585583,9.663139598561573,25.520355267584662
92.34772657195336,10.872543701893921,26.342981536268713
