max,mean,std_dev
91.29874178945526,10.460911903356969,27.275784936692805
92.16878821817863,9.92610765789247,26.34682024562289
92.10283177470679,10.035173619416426,25.010018434386758
