max,mean,std_dev
92.64317193830047,9.188760804027325,23.76764105919095
89.72482618476617,9.04757302763857,22.53595920273174
92.64317193830047,8.869928773988573,24.029251869773297
