max,mean,std_dev
89.49874178945527,6.353917785425936,20.45393838585065
90.2070431491098,7.699341080031575,23.315075557468933
92.08200618758325,7.865694477932635,24.11391989813377
