max,mean,std_dev
89.39605369405454,9.815549874827248,27.304263186500968
89.67603602059674,9.41902941258725,26.62338256585068
91.56521039683075,9.508666547645227,27.175106289756023
