max,mean,std_dev
92.56878821817864,9.802843036675533,27.052416907572024
92.57946500072771,10.992369355368496,27.08942477224335
91.93357331188756,11.130722160583218,26.834307423232598
