max,mean,std_dev
89.77964417492167,8.897742485926667,24.990556402635374
92.65873645484157,9.75796256378791,24.870742965646006
92.65873645484157,9.797790451263449,26.173029762868904
