fitness,p_health,e_health,time
94.02326625757942,90,0.0,145
49.16371809304852,0,40.0,126
94.02326625757942,90,0.0,145
31.38487948315874,0,60.0,101
31.38487948315874,0,60.0,101
