fitness,p_health,e_health,time
49.16371809304852,0,40.0,126
57.956574883080755,0,30.0,155
94.02326625757942,90,0.0,145
49.16371809304852,0,40.0,126
49.16371809304852,0,40.0,126
