fitness,p_health,e_health,time
57.956574883080755,0,30.0,155
94.02326625757942,90,0.0,145
57.956574883080755,0,30.0,155
31.38487948315874,0,60.0,101
31.38487948315874,0,60.0,101
