fitness,p_health,e_health,time
49.16371809304852,0,40.0,126
49.16371809304852,0,40.0,126
31.38487948315874,0,60.0,101
57.956574883080755,0,30.0,155
57.956574883080755,0,30.0,155
