generation,max_fitness,mean_fitness,stdev_fitness
0,29.223493007627816,0.8086360715032503,10.342803411560949
1,88.26536664213835,11.433442124150082,28.572522150316136
