fitness,p_health,e_health,time
86.76627799644577,22,0,229
92.71859563501553,78,0,161
89.45766574803518,48,0,209
86.76627799644577,22,0,229
92.71859563501553,78,0,161
