fitness,p_health,e_health,time
57.77964417492168,0,30.0,185
48.68679402095821,0,40.0,203
48.68679402095821,0,40.0,203
75.40157804100163,0,10.0,270
90.44417294239875,54,0.0,142
