fitness,p_health,e_health,time
21.07307397402959,0,70.0,375
30.159358342626604,0,60.0,344
29.83668519596536,0,60.0,475
48.139213776534135,0,40.0,351
21.07307397402959,0,70.0,375
