fitness,p_health,e_health,time
91.49047511178492,75.76000000000023,0.0,440.2
