fitness,p_health,e_health,time
91.64428965396624,73.60000000000021,0.0,310.2
