fitness,p_health,e_health,time
80.84775075757912,57.68000000000021,10.0,374.4
