fitness,p_health,e_health,time
89.41391189285902,53.92000000000023,0.0,404.8
