fitness,p_health,e_health,time
89.1667783668519,47.2000000000003,0.0,258.2
