fitness,p_health,e_health,time
91.56254046962147,75.52000000000024,0.0,399.2
