fitness,p_health,e_health,time
94.02326625757942,90,0.0,145
94.02326625757942,90,0.0,145
94.02326625757942,90,0.0,145
48.956574883080755,0,40.0,155
94.02326625757942,90,0.0,145
