max,mean,std_dev
91.77598249381266,5.20243392924222,19.13354300389319
