max,mean,std_dev
91.84317193830047,9.977807431782097,26.435117094365914
