max,mean,std_dev
91.05289246928254,6.584625438691799,23.147498777497763
