max,mean,std_dev
92.71859563501553,8.19727490317961,22.24094746488667
