max,mean,std_dev
89.25482255552043,9.370052940344188,25.178701036350954
