generation,fitness,p_health,e_health,time
1,-6.492239835020471,0,100,660
1,-5.793013608384144,0,100,328
1,-5.75890177387728,0,100,317
1,-5.375278407684165,0,100,216
1,-5.805134968916488,0,100,332
