fitness,p_health,e_health,time
92.78031953489258,81.28000000000017,0.0,210.8
