fitness,p_health,e_health,time
91.43865999088773,71.20000000000024,0.0,294.2
