fitness,p_health,e_health,time
87.97625156445176,38.320000000000235,0.0,350.6
