fitness,p_health,e_health,time
90.26594873484122,61.00000000000024,0.0,341.8
