fitness,p_health,e_health,time
84.61834392828163,58.8800000000002,6.0,354.2
