fitness,p_health,e_health,time
91.3548004273437,72.04000000000019,0.0,360.2
