max,mean,std_dev
91.38506424239101,9.307087846755213,24.030904779221544
