max,mean,std_dev
-5.375278407684165,-5.8449137187765094,0.3609050986785329
