max,mean,std_dev
86.18506424239102,10.618976177417307,24.560735674341867
