max,mean,std_dev
48.139213776534135,13.84278271467358,24.221557072337184
