max,mean,std_dev
91.77598249381266,11.109730722120828,27.96254671481718
