generation,fitness,p_health,e_health,time
1,-5.749392985908253,0,100.0,314
1,38.3947020790518,0,50.0,739
1,48.139213776534135,0,40.0,351
1,-5.796057750765372,0,100.0,329
1,-5.7745515455444085,0,100.0,322
