fitness,p_health,e_health,time
49.10216020004909,0,40.0,134
57.900133572175804,0,30.0,164
31.299519634207584,0,60.0,110
31.299519634207584,0,60.0,110
57.900133572175804,0,30.0,164
