fitness,p_health,e_health,time
94.02326625757942,90,0.0,145
94.02326625757942,90,0.0,145
48.96304739758637,0,40.0,154
22.38487948315874,0,70.0,101
49.16371809304852,0,40.0,126
